{
  "hash": "b75392f2",
  "configHash": "6835bcba",
  "lockfileHash": "144c683c",
  "browserHash": "a184ad61",
  "optimized": {
    "@angular/core": {
      "src": "../../../../../node_modules/@angular/core/fesm2022/core.mjs",
      "file": "@angular_core.js",
      "fileHash": "94192e0d",
      "needsInterop": false
    },
    "@angular/forms": {
      "src": "../../../../../node_modules/@angular/forms/fesm2022/forms.mjs",
      "file": "@angular_forms.js",
      "fileHash": "90bdd9e4",
      "needsInterop": false
    },
    "@angular/platform-browser": {
      "src": "../../../../../node_modules/@angular/platform-browser/fesm2022/platform-browser.mjs",
      "file": "@angular_platform-browser.js",
      "fileHash": "9c7d3cfe",
      "needsInterop": false
    },
    "@angular/router": {
      "src": "../../../../../node_modules/@angular/router/fesm2022/router.mjs",
      "file": "@angular_router.js",
      "fileHash": "17b231cc",
      "needsInterop": false
    },
    "primeng/button": {
      "src": "../../../../../node_modules/primeng/fesm2022/primeng-button.mjs",
      "file": "primeng_button.js",
      "fileHash": "cc0250ac",
      "needsInterop": false
    },
    "primeng/card": {
      "src": "../../../../../node_modules/primeng/fesm2022/primeng-card.mjs",
      "file": "primeng_card.js",
      "fileHash": "c57b24f6",
      "needsInterop": false
    },
    "primeng/inputtext": {
      "src": "../../../../../node_modules/primeng/fesm2022/primeng-inputtext.mjs",
      "file": "primeng_inputtext.js",
      "fileHash": "5b458d91",
      "needsInterop": false
    },
    "@angular/common/http": {
      "src": "../../../../../node_modules/@angular/common/fesm2022/http.mjs",
      "file": "@angular_common_http.js",
      "fileHash": "f47d5185",
      "needsInterop": false
    },
    "@angular/common": {
      "src": "../../../../../node_modules/@angular/common/fesm2022/common.mjs",
      "file": "@angular_common.js",
      "fileHash": "0359c793",
      "needsInterop": false
    }
  },
  "chunks": {
    "chunk-5YK7SJT7": {
      "file": "chunk-5YK7SJT7.js"
    },
    "chunk-ITDGJ264": {
      "file": "chunk-ITDGJ264.js"
    },
    "chunk-UH5JHQQK": {
      "file": "chunk-UH5JHQQK.js"
    },
    "chunk-3PMPSPKY": {
      "file": "chunk-3PMPSPKY.js"
    },
    "chunk-DOFSVNVU": {
      "file": "chunk-DOFSVNVU.js"
    },
    "chunk-JEC4O7TI": {
      "file": "chunk-JEC4O7TI.js"
    }
  }
}